Index,Laptop Name,Price,Ratings,Descriptions
0,CHUWI Intel Celeron Dual Core 11th Gen N4020 - (8 GB/256 GB SSD/Windows 11 Home) HeroBook Pro Laptop,"₹15,990",3.7,"Light weight, Portable Laptop RAM/Storage: 8GB LPDDR4 Ram, 256GB M.2 SSD Storage
Hard-Decoding 4k@60Hz Graphics/GPU: UHD Graphics 600 Display: 14.1 inch, 16:9 IPS Display Touchpad: Larger Touchpad with easy control Keyboard: Chiclet keyboard keys
Intel Celeron Dual Core Processor (11th Gen)
8 GB DDR4 RAM
64 bit Windows 11 Operating System
256 GB SSD
35.81 cm (14.1 inch) Display
WPS Office, Operating System Software
1 Year Onsite Warranty"
1,DELL Vostro Intel Core i3 12th Gen 1215U - (8 GB/512 GB SSD/Windows 11 Home) VN3520HPCNX001ORB1 Thin a...,"₹34,990",4.2,"Intel Core i3 Processor (12th Gen)
8 GB DDR4 RAM
64 bit Windows 11 Home Operating System
512 GB SSD
39.62 cm (15.6 inch) Display
Office Home & Student 2021
1 Year Onsite Hardware Service"
2,Acer Swift Go 14 Snapdragon X Plus - (16 GB/512 GB SSD/Windows 11 Home) SFG14-01 Thin and Light Laptop,"₹59,990",4.2,"Snapdragon X Plus Processor
16 GB LPDDR5X RAM
Windows 11 Operating System
512 GB SSD
36.83 cm (14.5 Inch) Display
1 Year Carry-in Warranty"
3,Lenovo IdeaPad Slim 5 Co-Pilot PC Snapdragon X Plus - (16 GB/1 TB SSD/Windows 11 Home) 14Q8X9 Thin and...,"₹64,990",4.1,"Snapdragon X Plus Processor
16 GB LPDDR5X RAM
Windows 11 Operating System
1 TB SSD
35.56 cm (14 Inch) Display
1 Year Carry-in Warranty"
4,Acer Aspire 7 Intel Core i5 13th Gen 13420H - (16 GB/512 GB SSD/Windows 11 Home/4 GB Graphics/NVIDIA G...,"₹55,990",4.3,"Intel Core i5 Processor (13th Gen)
16 GB DDR4 RAM
Windows 11 Operating System
512 GB SSD
39.62 cm (15.6 Inch) Display
1 Year Onsite Warranty"
5,DELL Vostro 3520 Intel Core i3 12th Gen 1215U - (8 GB/512 GB SSD/Windows 11 Home) Vostro 3520 Thin and...,"₹34,990",4.4,"Intel Core i3 Processor (12th Gen)
8 GB DDR4 RAM
Windows 11 Operating System
512 GB SSD
39.62 cm (15.6 Inch) Display
1 Year Onsite Warranty"
6,HP Touch Chromebook MediaTek MT8183 - (4 GB/32 GB EMMC Storage/Chrome OS) 11MK G9 Chromebook,"₹10,990",3.3,"MediaTek MT8183 Processor
4 GB LPDDR4X RAM
Chrome Operating System
29.46 cm (11.6 Inch) Touchscreen Display
1 Year Carry-in Warranty"
7,Lenovo Intel Core i5 12th Gen 1235U - (8 GB/512 GB SSD/Windows 11 Home) G3 IAP Thin and Light Laptop,"₹36,441",4.5,"Intel Core i5 Processor (12th Gen)
8 GB DDR4 RAM
Windows 11 Home Operating System
512 GB SSD
39.62 cm (15.6 inch) Display
Microsoft Office Home & Student 2021
1 Year Onsite Warranty"
8,HP AMD Ryzen 5 Hexa Core 5500U - (16 GB/512 GB SSD/Windows 11 Home) 15s-eq2305AU Thin and Light Laptop,"₹40,499",4.3,"AMD Ryzen 5 Hexa Core Processor
16 GB DDR4 RAM
Windows 11 Operating System
512 GB SSD
39.62 cm (15.6 Inch) Display
1 Year Onsite warranty"
9,SAMSUNG Galaxy Book4 Metal Intel Core i3 13th Gen 1315U - (8 GB/512 GB SSD/Windows 11 Home) NP750XGJ-L...,"₹37,990",4.5,"Intel Core i3 Processor (13th Gen)
8 GB LPDDR4X RAM
Windows 11 Operating System
512 GB SSD
39.62 cm (15.6 Inch) Display
1 Year Onsite Warranty"
10,DELL Inspiron 7440 2-in-1 Intel Core i5 13th Gen 1334U - (16 GB/512 GB SSD/Windows 11 Home) Inspiron 1...,"₹71,990",4.5,"Intel Core i5 Processor (13th Gen)
16 GB DDR5 RAM
Windows 11 Operating System
512 GB SSD
35.56 cm (14 Inch) Touchscreen Display
1 Year Onsite Hardware Service"
11,HP Omen AMD Ryzen 7 Octa Core 7840HS - (16 GB/1 TB SSD/Windows 11 Home/6 GB Graphics/NVIDIA GeForce RT...,"₹99,990",4.3,"AMD Ryzen 7 Octa Core Processor
16 GB DDR5 RAM
Windows 11 Operating System
1 TB SSD
40.89 cm (16.1 Inch) Display
1 Year Onsite Warranty"
12,MSI Thin 15 Intel Core i5 12th Gen 12450H - (16 GB/512 GB SSD/Windows 11 Home/4 GB Graphics/NVIDIA GeF...,"₹52,990",4.3,"Intel Core i5 Processor (12th Gen)
16 GB DDR4 RAM
Windows 11 Operating System
512 GB SSD
39.62 cm (15.6 Inch) Display
2 Year Onsite Warranty"
13,HP 15s AMD Ryzen 3 Quad Core 7320U - (8 GB/512 GB SSD/Windows 11 Home) 15-fc0026AU Thin and Light Lapt...,"₹31,490",4.3,"AMD Ryzen 3 Quad Core Processor
8 GB LPDDR5 RAM
64 bit Windows 11 Operating System
512 GB SSD
39.62 cm (15.6 Inch) Display
1 Year Onsite Warranty"
14,MSI Thin 15 Intel Core i5 12th Gen 12450H - (16 GB/512 GB SSD/Windows 11 Home/4 GB Graphics/NVIDIA GeF...,"₹51,990",4.4,"Intel Core i5 Processor (12th Gen)
16 GB DDR4 RAM
Windows 11 Operating System
512 GB SSD
39.62 cm (15.6 Inch) Display
2 Year Onsite Warranty"
15,MSI Modern 14 Intel Core i5 12th Gen 1235U - (16 GB/512 GB SSD/Windows 11 Home) Modern 14 C12MO-1212IN...,"₹39,990",4,"Intel Core i5 Processor (12th Gen)
16 GB DDR4 RAM
Windows 11 Operating System
512 GB SSD
35.56 cm (14 inch) Display
1 Year Onsite Warranty"
16,HP OMEN Intel Core i7 14th Gen 14650HX - (16 GB/1 TB SSD/Windows 11 Home/8 GB Graphics/NVIDIA GeForce ...,"₹1,27,490",4.4,"Intel Core i7 Processor (14th Gen)
16 GB DDR5 RAM
Windows 11 Operating System
1 TB SSD
40.89 cm (16.1 inch) Display
1 Year Onsite Warranty"
17,DELL Inspiron 3520 Intel Core i5 12th Gen 1235U - (8 GB/512 GB SSD/Windows 11 Home) Inspiron 3520 Thin...,"₹49,990",4.3,"Intel Core i5 Processor (12th Gen)
8 GB DDR4 RAM
Windows 11 Operating System
512 GB SSD
39.62 cm (15.6 Inch) Display
1 Year Onsite Warranty"
18,Lenovo LOQ AMD Ryzen 5 Quad Core 7235HS - (12 GB/512 GB SSD/Windows 11 Home/6 GB Graphics/NVIDIA GeFor...,"₹62,490",4.3,"AMD Ryzen 5 Quad Core Processor
12 GB DDR5 RAM
Windows 11 Operating System
512 GB SSD
39.62 cm (15.6 Inch) Display
1Yr Warranty and 1 Yr Accidental Damage Protection"
19,HP AMD Ryzen 5 Hexa Core 5500U - (16 GB/512 GB SSD/Windows 11 Home) 15s- eq2182AU Thin and Light Lapto...,"₹40,990",4.5,"AMD Ryzen 5 Hexa Core Processor
16 GB DDR4 RAM
64 bit Windows 11 Operating System
512 GB SSD
39.62 cm (15.6 inch) Display
Microsoft Office 2021 Home & Student, HP Documentation, HP BIOS recovery, HP Smart
1 Year Onsite Warranty"
20,DELL Inspiron 5640 Intel Core i5 13th Gen 1334U - (16 GB/512 GB SSD/Windows 11 Home) Inspiron 5640 Lap...,"₹65,990",4.1,"Intel Core i5 Processor (13th Gen)
16 GB DDR5 RAM
Windows 11 Operating System
512 GB SSD
40.64 cm (16 inch) Display
1 Year Onsite Warranty"
21,DELL Inspiron 3535 MSO 2024 AMD Ryzen 5 Quad Core 7520U - (8 GB/512 GB SSD/Windows 11 Home) 0IN3535100...,"₹39,490",4.3,"AMD Ryzen 5 Quad Core Processor
8 GB LPDDR5 RAM
Windows 11 Operating System
512 GB SSD
39.62 cm (15.6 Inch) Display
1 Year Onsite Hardware Service"
22,MSI Thin 15 Intel Core i5 13th Gen 13420H - (16 GB/512 GB SSD/Windows 11 Home/4 GB Graphics/NVIDIA GeF...,"₹53,990",4.3,"Intel Core i5 Processor (13th Gen)
16 GB DDR4 RAM
Windows 11 Operating System
512 GB SSD
39.62 cm (15.6 Inch) Display
2 Year Onsite Warranty"
23,SAMSUNG Galaxy Book4 Intel Core i5 13th Gen 1335U - (8 GB/512 GB SSD/Windows 11 Home) NP750XGJ-KG1IN /...,"₹58,990",4.4,"Intel Core i5 Processor (13th Gen)
8 GB LPDDR4X RAM
Windows 11 Operating System
512 GB SSD
39.62 cm (15.6 Inch) Display
1 Year Manufacturer Warranty for Laptop and 6 Months for In-Box Accessories"
24,Acer Aspire 3 AMD Ryzen 3 Quad Core 7330U - (8 GB/512 GB SSD/Windows 11 Home) A325-42 Thin and Light L...,"₹27,990",4.2,"AMD Ryzen 3 Quad Core Processor
8 GB DDR4 RAM
Windows 11 Operating System
512 GB SSD
39.62 cm (15.6 Inch) Display
1 Year Carry-in Warranty"
25,"ASUS Vivobook 15, with Backlit Keyboard, Intel Core i3 12th Gen 1215U - (8 GB/512 GB SSD/Windows 11 Ho...","₹31,990",4.3,"Intel Core i3 Processor (12th Gen)
8 GB DDR4 RAM
Windows 11 Operating System
512 GB SSD
39.62 cm (15.6 Inch) Display
1-year warranty"
26,Acer Aspire 3 Intel Core i7 12th Gen 1255U - (16 GB/512 GB SSD/Windows 11 Home) A324-51 Thin and Light...,"₹41,990",4.3,"Intel Core i7 Processor (12th Gen)
16 GB DDR4 RAM
64 bit Windows 11 Operating System
512 GB SSD
35.56 cm (14 Inch) Display
1 Year Domestic Warranty"
27,DELL Vostro 3520 Intel Core i3 12th Gen 1215U - (8 GB/512 GB SSD/Windows 11 Home) Vostro 3520 Thin and...,"₹34,990",4.3,"Intel Core i3 Processor (12th Gen)
8 GB DDR4 RAM
Windows 11 Operating System
512 GB SSD
39.62 cm (15.6 Inch) Display
1 Year Onsite Warranty"
28,Acer Aspire Intel Core i5 12th Gen 12450H - (16 GB/512 GB SSD/Windows 11 Home) AL15-52H Thin and Light...,"₹46,990",3.9,"Intel Core i5 Processor (12th Gen)
16 GB LPDDR5 RAM
Windows 11 Home Operating System
512 GB SSD
39.62 cm (15.6 inch) Display
1 Year Carry-in Warranty"
29,Acer Aspire 7 Intel Core i5 13th Gen 13420H - (8 GB/512 GB SSD/Windows 11 Home/4 GB Graphics/NVIDIA Ge...,"₹54,990",4,"Intel Core i5 Processor (13th Gen)
8 GB DDR4 RAM
Windows 11 Operating System
512 GB SSD
39.62 cm (15.6 Inch) Display
1 Year Onsite Warranty"
30,ASUS Vivobook 15 Intel Core i3 12th Gen 1215U - (8 GB/512 GB SSD/Windows 11 Home) X1504ZA-NJ322WS Thin...,"₹31,990",3.8,"Intel Core i3 Processor (12th Gen)
8 GB DDR4 RAM
Windows 11 Operating System
512 GB SSD
39.62 cm (15.6 Inch) Display
1 Year Onsite Warranty"
31,ASUS Vivobook 15 Intel Core i3 12th Gen 1215U - (16 GB/512 GB SSD/Windows 11 Home) X1502ZA-EJ993WS Thi...,"₹33,990",4.2,"Intel Core i3 Processor (12th Gen)
16 GB DDR4 RAM
Windows 11 Operating System
512 GB SSD
39.62 cm (15.6 Inch) Display
1 Year Onsite Warranty"
32,Lenovo Lenovo V15 G3 IAP Intel Core i7 12th Gen 1255U - (16 GB/512 GB SSD/Windows 11 Home) 82TTA073IN ...,"₹44,990",4.3,"Intel Core i7 Processor (12th Gen)
16 GB DDR4 RAM
Windows 11 Operating System
512 GB SSD
39.62 cm (15.6 Inch) Display
1 Year Onsite Warranty"
33,Lenovo IdeaPad Slim 3 Intel Core i5 12th Gen 12450H - (16 GB/512 GB SSD/Windows 11 Home) 15IAH8 Thin a...,"₹49,990",4.5,"Intel Core i5 Processor (12th Gen)
16 GB LPDDR5 RAM
Windows 11 Operating System
512 GB SSD
39.62 cm (15.6 Inch) Display
1 Yr. Onsite + 1 Yr. Accidental Damage Protection"
34,Acer Chromebook Plus Google AI Intel Core i3 N305 - (8 GB/256 GB SSD/Chrome OS) CB514-4H-39T7 Chromebo...,"₹18,990",4.2,"Intel Core i3 Processor
8 GB LPDDR5 RAM
Chrome Operating System
256 GB SSD
35.56 cm (14 Inch) Display
1 Year Carry-in Warranty"
35,Acer Predator Helios Neo 16 Intel Core i7 14th Gen 14700HX - (16 GB/1 TB SSD/Windows 11 Home/6 GB Grap...,"₹1,24,990",4,"Intel Core i7 Processor (14th Gen)
16 GB DDR5 RAM
Windows 11 Operating System
1 TB SSD
40.64 cm (16 Inch) Display
1 Year Carry-in Warranty"
36,ASUS Vivobook 15 Intel Core i3 12th Gen 1215U - (16 GB/512 GB SSD/Windows 11 Home) X1504ZA-NJ342WS Thi...,"₹37,990",4.4,"Intel Core i3 Processor (12th Gen)
16 GB DDR4 RAM
Windows 11 Operating System
512 GB SSD
39.62 cm (15.6 Inch) Display
1 Year Onsite Warranty"
37,"ASUS Vivobook 16X for Creator, Intel Core i5 12th Gen 12500H - (16 GB/512 GB SSD/Windows 11 Home/6 GB ...","₹72,990",4.2,"Intel Core i5 Processor (12th Gen)
16 GB DDR4 RAM
Windows 11 Operating System
512 GB SSD
40.64 cm (16 Inch) Display
1 Year Onsite Warranty"
38,Lenovo IdeaPad Slim 5 Intel Core i7 13th Gen 13700H - (16 GB/1 TB SSD/Windows 11 Home) 16IRL8 Laptop,"₹80,190",4.3,"Intel Core i7 Processor (13th Gen)
16 GB LPDDR5 RAM
Windows 11 Operating System
1 TB SSD
40.64 cm (16 inch) Display
1Yr Warranty + 1 Yr Premium Care and 1 Yr Accidental Damage Protection"
39,Acer Aspire Lite AMD Ryzen 5 Hexa Core 5625U - (16 GB/512 GB SSD/Windows 11 Home) AL15-41 Thin and Lig...,"₹34,990",4.2,"AMD Ryzen 5 Hexa Core Processor
16 GB DDR4 RAM
Windows 11 Operating System
512 GB SSD
39.62 cm (15.6 inch) Display
1 Year Carry-in Warranty"
40,ASUS Vivobook Go 15 OLED AMD Ryzen 5 Quad Core 7520U - (8 GB/512 GB SSD/Windows 11 Home) E1504FA-LK522...,"₹44,990",4.2,"AMD Ryzen 5 Quad Core Processor
8 GB LPDDR5 RAM
Windows 11 Operating System
512 GB SSD
39.62 cm (15.6 Inch) Display
1 Year Onsite Warranty"
41,Acer Aspire 3 Intel Core i3 13th Gen 1305U - (8 GB/512 GB SSD/Windows 11 Home) A324-53 Thin and Light ...,"₹31,990",3.8,"Intel Core i3 Processor (13th Gen)
8 GB DDR4 RAM
Windows 11 Operating System
512 GB SSD
35.56 cm (14 Inch) Display
1 Year Carry-in Warranty"
42,ASUS X1504ZA Intel Core i3 12th Gen 12th Gen Intel Core i3-1215U - (8 GB/512 GB SSD/Windows 11 Home) X...,"₹31,990",4.3,"Intel Core i3 Processor (12th Gen)
8 GB DDR4 RAM
64 bit Windows 11 Operating System
512 GB SSD
39.62 cm (15.6 inch) Display
MS OFFICE
1 YEAR INTERNATIONAL"
43,Lenovo IdeaPad Slim 3 Intel Core i5 12th Gen 12450H - (16 GB/512 GB SSD/Windows 11 Home) 14IAH8 Thin a...,"₹49,990",4.4,"Intel Core i5 Processor (12th Gen)
16 GB LPDDR5 RAM
Windows 11 Operating System
512 GB SSD
35.56 cm (14 Inch) Display
1 Year Onsite Warranty."
44,ASUS Vivobook 15 Intel Core i5 12th Gen 1235U - (8 GB/512 GB SSD/Windows 11 Home) X1504ZA-NJ527WS|X150...,"₹43,990",4.2,"Intel Core i5 Processor (12th Gen)
8 GB DDR4 RAM
Windows 11 Operating System
512 GB SSD
39.62 cm (15.6 Inch) Display
1 Year Onsite Warranty"
45,ASUS Chromebook Intel Celeron Dual Core N4500 - (4 GB/64 GB EMMC Storage/Chrome OS) CX1500CKA-NJ0393 C...,"₹13,990",4.1,"Intel Celeron Dual Core Processor
4 GB LPDDR4X RAM
Chrome Operating System
39.62 cm (15.6 Inch) Display
1 Year Onsite Warranty"
46,MSI Modern 14 Intel Core i3 12th Gen 1215U - (8 GB/512 GB SSD/Windows 11 Home) Modern 14 C12MO Busines...,"₹28,990",4.4,"Intel Core i3 Processor (12th Gen)
8 GB DDR4 RAM
Windows 11 Operating System
512 GB SSD
35.56 cm (14 inch) Display
1 Year Warranty Term"
47,MSI Modern 15 AMD Ryzen 5 Hexa Core 7530U - (8 GB/512 GB SSD/Windows 11 Home) Modern 15 B7M-072IN Thin...,"₹36,990",4.2,"AMD Ryzen 5 Hexa Core Processor
8 GB DDR4 RAM
Windows 11 Operating System
512 GB SSD
39.62 cm (15.6 Inch) Display
1 Year Carry-in Warranty"
48,Lenovo Yoga Slim 7 Intel Core Ultra 7 155H - (16 GB/1 TB SSD/Windows 11 Home) 14IMH9 Thin and Light La...,"₹93,990",4.3,"Intel Core Ultra 7 Processor
16 GB LPDDR5X RAM
Windows 11 Operating System
1 TB SSD
35.56 cm (14 Inch) Display
1 Year Carry-in Warranty"
49,MSI Modern 15 Intel Core i3 12th Gen 1215U - (8 GB/512 GB SSD/Windows 11 Home) Modern 15 B12MO Busines...,"₹31,990",4.2,"Intel Core i3 Processor (12th Gen)
8 GB DDR4 RAM
Windows 11 Operating System
512 GB SSD
39.62 cm (15.6 inch) Display
1 Year Warranty Term"
50,ASUS TUF Gaming A15 AMD Ryzen 5 Hexa Core 7535HS - (16 GB/512 GB SSD/Windows 11 Home/4 GB Graphics/NVI...,"₹57,990",4.3,"AMD Ryzen 5 Hexa Core Processor
16 GB DDR5 RAM
Windows 11 Operating System
512 GB SSD
39.62 cm (15.6 Inch) Display
1 Year Onsite Warranty"
51,GIGABYTE G Series Intel Core i7 13th Gen 13620H - (16 GB/512 GB SSD/Windows 11 Home/6 GB Graphics/NVID...,"₹74,990",4.3,"Intel Core i7 Processor (13th Gen)
16 GB DDR5 RAM
Windows 11 Operating System
512 GB SSD
40.64 cm (16 inch) Display
2 Year Carry-in Warranty"
52,Lenovo IdeaPad 1 AMD Ryzen 7 Octa Core 5700U - (16 GB/512 GB SSD/Windows 11 Home) 15ALC7 Thin and Ligh...,"₹43,990",4.2,"AMD Ryzen 7 Octa Core Processor
16 GB DDR4 RAM
Windows 11 Operating System
512 GB SSD
39.62 cm (15.6 inch) Display
1 Yr. Onsite + 1 Yr. Accidental Damage Protection"
53,MSI Thin 15 Intel Core i5 12th Gen 12450H - (8 GB/512 GB SSD/Windows 11 Home/4 GB Graphics/NVIDIA GeFo...,"₹48,990",4.2,"Intel Core i5 Processor (12th Gen)
8 GB DDR4 RAM
Windows 11 Operating System
512 GB SSD
39.62 cm (15.6 Inch) Display
2 Year Onsite Warranty"
54,Acer Aspire 7 Intel Core i5 12th Gen 12450H - (16 GB/512 GB SSD/Windows 11 Home/4 GB Graphics/NVIDIA G...,"₹54,990",3.7,"Intel Core i5 Processor (12th Gen)
16 GB DDR4 RAM
Windows 11 Operating System
512 GB SSD
39.62 cm (15.6 Inch) Display
1 Year Onsite Warranty"
55,ASUS TUF Gaming F17 - AI Powered Gaming Intel Core i5 11th Gen 11400H - (8 GB/512 GB SSD/Windows 11 Ho...,"₹47,490",4.2,"Intel Core i5 Processor (11th Gen)
8 GB DDR4 RAM
Windows 11 Operating System
512 GB SSD
43.94 cm (17.3 Inch) Display
1 Year Onsite Warranty"
56,"Acer Aspire Lite with Backlit Keyboard, Intel Core i7 12th Gen 1255U - (16 GB/512 GB SSD/Windows 11 Ho...","₹49,990",4.3,"Intel Core i7 Processor (12th Gen)
16 GB DDR4 RAM
Windows 11 Operating System
512 GB SSD
39.62 cm (15.6 Inch) Display
1 Year Carry-in Warranty"
57,MSI Intel Core i3 12th Gen 1215U - (8 GB/512 GB SSD/Windows 11 Home) Modern 14 C12MO-1205IN Thin and L...,"₹27,990",4.3,"Intel Core i3 Processor (12th Gen)
8 GB DDR4 RAM
Windows 11 Operating System
512 GB SSD
35.56 cm (14 Inch) Display
1 Year Onsite Warranty"
58,HP 255 G10 (2024) AMD Ryzen 3 Quad Core 7320U - (8 GB/512 GB SSD/Windows 11 Home) 250 G10 Thin and Lig...,"₹25,540",4.3,"AMD Ryzen 3 Quad Core Processor
8 GB DDR4 RAM
64 bit Windows 11 Operating System
512 GB SSD
39.62 cm (15.6 inch) Display
Windows 11
1 Year Onsite Warranty"
59,HP Intel Core i5 12th Gen 1235U - (16 GB/512 GB SSD/Windows 11 Home) 15s-fq5330TU|15-fd0111TU Thin and...,"₹53,990",4.2,"Intel Core i5 Processor (12th Gen)
16 GB DDR4 RAM
Windows 11 Operating System
512 GB SSD
39.62 cm (15.6 inch) Display
1 Year Onsite warranty"
60,DELL Vostro 3520 Intel Core i5 12th Gen 1235U - (16 GB/512 GB SSD/Windows 11 Home) Vostro 3520 Thin an...,"₹49,990",4.2,"Intel Core i5 Processor (12th Gen)
16 GB DDR4 RAM
Windows 11 Operating System
512 GB SSD
39.62 cm (15.6 Inch) Display
1 Year Onsite Warranty"
61,Lenovo Ideapad Intel Core i5 12th Gen 12450H - (16 GB/512 GB SSD/Windows 11 Home/4 GB Graphics) 15IAH8...,"₹51,999",3.8,"Intel Core i5 Processor (12th Gen)
16 GB LPDDR5 RAM
Windows 11 Operating System
512 GB SSD
39.62 cm (15.6 Inch) Display
Office Home & Student 2021
1 Yr. Onsite + 1 Yr. Accidental Damage Protection"
62,HP Pavilion Intel Core Ultra 5 125U - (16 GB/1 TB SSD/Windows 11 Home) 16-af0056TU Thin and Light Lapt...,"₹70,990",4.3,"Intel Core Ultra 5 Processor
16 GB LPDDR5 RAM
Windows 11 Operating System
1 TB SSD
40.64 cm (16 inch) Display
1 Year Onsite Warranty"
63,ASUS ExpertBook B14 Intel Core i3 12th Gen 1215U - (8 GB/512 GB SSD/Windows 11 Home) B1402CBA-NK1494WS...,"₹32,990",4.3,"Intel Core i3 Processor (12th Gen)
8 GB DDR4 RAM
Windows 11 Operating System
512 GB SSD
35.56 cm (14 Inch) Display
1 Year Onsite Warranty"
64,MSI Modern 14 Intel Core i3 12th Gen 1215U - (16 GB/512 GB SSD/Windows 11 Home) Modern 14 C12MO-444IN/...,"₹31,990",3.8,"Intel Core i3 Processor (12th Gen)
16 GB DDR4 RAM
Windows 11 Operating System
512 GB SSD
35.56 cm (14 Inch) Display
1 Year Onsite Warranty"
65,HP Victus Intel Core i5 12th Gen 12450H - (16 GB/1 TB SSD/Windows 11 Home/4 GB Graphics/NVIDIA GeForce...,"₹68,990",4.3,"Intel Core i5 Processor (12th Gen)
16 GB DDR4 RAM
Windows 11 Operating System
1 TB SSD
39.62 cm (15.6 Inch) Display
1 Year Onsite Warranty"
66,ASUS Vivobook Go 15 AMD Ryzen 3 Quad Core 7320U - (8 GB/512 GB SSD/Windows 11 Home) E1504FA-NJ322WS Th...,"₹31,990",3.7,"AMD Ryzen 3 Quad Core Processor
8 GB LPDDR5 RAM
Windows 11 Operating System
512 GB SSD
39.62 cm (15.6 Inch) Display
1 Year Onsite Warranty"
67,ASUS Chromebook Intel Celeron Dual Core N4500 - (4 GB/64 GB EMMC Storage/Chrome OS) CX1400CKA-NK0453 C...,"₹14,990",4,"Intel Celeron Dual Core Processor
4 GB LPDDR4X RAM
Chrome Operating System
35.56 cm (14 Inch) Display
1 Year Onsite Warranty"
68,Lenovo IdeaPad Slim 3 Backlit Intel Core i5 12th Gen 12450H - (16 GB/512 GB SSD/Windows 11 Home) 15IAH...,"₹51,999",4.2,"Intel Core i5 Processor (12th Gen)
16 GB LPDDR5 RAM
Windows 11 Operating System
512 GB SSD
39.62 cm (15.6 Inch) Display
1 Yr. Onsite + 1 Yr. Accidental Damage Protection"
69,HP Victus Intel Core i5 12th Gen 12450H - (16 GB/512 GB SSD/Windows 11 Pro/4 GB Graphics/NVIDIA GeForc...,"₹64,990",3.9,"Intel Core i5 Processor (12th Gen)
16 GB DDR4 RAM
Windows 11 Operating System
512 GB SSD
39.62 cm (15.6 inch) Display
1 Year Onsite Warranty"
70,Lenovo Chromebook MediaTek Kompanio 520 - (4 GB/128 GB EMMC Storage/Chrome OS) 14M868 Chromebook,"₹13,990",4.3,"MediaTek Kompanio 520 Processor
4 GB LPDDR4X RAM
Chrome Operating System
35.56 cm (14 Inch) Display
1 Year Carry-in Warranty"
71,HP Pavilion Plus Intel Core i5 13th Gen 1335U - (16 GB/512 GB SSD/Windows 11 Home) 14-ew0116TU Thin an...,"₹74,990",4.2,"Intel Core i5 Processor (13th Gen)
16 GB LPDDR5X RAM
64 bit Windows 11 Operating System
512 GB SSD
35.56 cm (14 Inch) Display
1 Year Onsite Warranty"
72,HP G9 Intel Core i3 13th Gen 1315U Turbo Boost with Finger Print - (16 GB/512 GB SSD/Windows 11 Pro) 2...,"₹36,990",3.9,"Intel Core i3 Processor (13th Gen)
16 GB DDR4 RAM
64 bit Windows 11 Operating System
512 GB SSD
39.62 cm (15.6 inch) Display
MS OFFICE
1 year Onsite Warrenty"
73,HP Intel Core i5 13th Gen 1334U - (16 GB/512 GB SSD/Windows 11 Home) 15-fd0315TU Thin and Light Laptop,"₹54,990",4.8,"Intel Core i5 Processor (13th Gen)
16 GB DDR4 RAM
Windows 11 Operating System
512 GB SSD
39.62 cm (15.6 Inch) Display
1 Year Onsite Warranty"
74,HP Laptop Intel Core i3 12th Gen 1215U - (8 GB/256 GB SSD/Windows 11 Home) 15s-fy5010TU Thin and Light...,"₹31,490",4.4,"Intel Core i3 Processor (12th Gen)
8 GB DDR4 RAM
Windows 11 Home Operating System
256 GB SSD
39.62 cm (15.6 inch) Display
1 Year Carry-in Warranty"
75,Acer Aspire 3 Intel Celeron Dual Core - (8 GB/512 GB SSD/Windows 11 Home) A311-45 Thin and Light Lapto...,"₹19,990",4.2,"Intel Celeron Dual Core Processor
8 GB DDR4 RAM
64 bit Windows 11 Home Operating System
512 GB SSD
29.46 cm (11.6 inch) Display
1 Year Warranty"
76,Acer Aspire 7 Intel Core i5 13th Gen 13420H - (16 GB/512 GB SSD/Windows 11 Home/6 GB Graphics/NVIDIA G...,"₹62,990",4.7,"Intel Core i5 Processor (13th Gen)
16 GB DDR4 RAM
Windows 11 Operating System
512 GB SSD
39.62 cm (15.6 Inch) Display
1 Year Onsite Warranty"
77,ASUS Vivobook Go 15 AMD Ryzen 3 Quad Core 7320U - (8 GB/512 GB SSD/Windows 11 Home) E1504FA-NJ321WS Th...,"₹31,990",4.3,"AMD Ryzen 3 Quad Core Processor
8 GB LPDDR5 RAM
Windows 11 Operating System
512 GB SSD
39.62 cm (15.6 Inch) Display
1 Year Onsite Warranty"
78,ASUS Vivobook 14 Intel Core i3 13th Gen 1315U - (8 GB/512 GB SSD/Windows 11 Home) X1404VA-NK322WS Thin...,"₹36,990",3.9,"Intel Core i3 Processor (13th Gen)
8 GB DDR4 RAM
Windows 11 Operating System
512 GB SSD
35.56 cm (14 Inch) Display
1 Year Onsite Warranty"
79,HP 250R G9 Intel Core i3 13th Gen i3-1315U up to 4.5 GHz with Intel Turbo Boost - (16 GB/512 GB SSD/Wi...,"₹33,790",4.2,"Intel Core i3 Processor (13th Gen)
16 GB DDR4 RAM
64 bit Windows 11 Operating System
512 GB SSD
39.62 cm (15.6 inch) Display
1 YEAR BRAND WARRANTY"
80,ASUS Vivobook S 14 Intel EVO H-Series Intel Core i5 12th Gen 12500H - (16 GB/512 GB SSD/Windows 11 Hom...,"₹64,990",4.2,"Intel Core i5 Processor (12th Gen)
16 GB DDR4 RAM
Windows 11 Operating System
512 GB SSD
35.56 cm (14 inch) Display
1 Year Onsite Warranty"
81,"DELL Inspiron 15 with Backlit Keyboard, Intel Core i5 13th Gen 1335U - (16 GB/1 TB SSD/Windows 11 Home...","₹59,740",4.6,"Intel Core i5 Processor (13th Gen)
16 GB DDR4 RAM
Windows 11 Operating System
1 TB SSD
39.62 cm (15.6 Inch) Display
1 Year Onsite Hardware Service"
82,Apple MacBook AIR Apple M2 - (16 GB/256 GB SSD/macOS Sequoia) MC7V4HN/A,"₹82,990",4.2,"Apple M2 Processor
16 GB Unified Memory RAM
Mac OS Operating System
256 GB SSD
34.54 cm (13.6 Inch) Display
Built-in Apps: App Store, Books, Calendar, Contacts, FaceTime, Find My, Freeform, GarageBand, Home, iMovie, Keynote, Mail, Maps, Messages, Music, Notes, Numbers, Pages, Photo Booth, Photos, Podcasts, Preview, QuickTime Player, Reminders, Safari, Shortcuts, Siri, Stocks, Time Machine, TV, Voice Memos, Weather
1 Year Limited Warranty"
83,ASUS Vivobook 15 Intel Core i3 12th Gen 1215U - (16 GB/512 GB SSD/Windows 11 Home) X1504ZA-NJ341WS Thi...,"₹37,990",4,"Intel Core i3 Processor (12th Gen)
16 GB DDR4 RAM
Windows 11 Home Operating System
512 GB SSD
39.62 cm (15.6 Inch) Display
1 Year Onsite Warranty"
84,Acer Aspire 3 Intel Celeron Dual Core N4500 - (8 GB/512 GB SSD/Windows 11 Home) A324-45 Thin and Light...,"₹22,990",4,"Intel Celeron Dual Core Processor
8 GB LPDDR4X RAM
Windows 11 Operating System
512 GB SSD
35.56 cm (14 Inch) Display
1 Year Carry-in Warranty"
85,Lenovo IdeaPad Slim 5 Intel Core i5 12th Gen 12450H - (16 GB/512 GB SSD/Windows 11 Home) 14IAH8 Thin a...,"₹56,990",4.4,"Intel Core i5 Processor (12th Gen)
16 GB LPDDR5 RAM
Windows 11 Operating System
512 GB SSD
35.56 cm (14 Inch) Display
1Yr Warranty + 1 Yr Premium Care and 1 Yr Accidental Damage Protection"
86,Lenovo Lenovo V15 G3 IAP Intel Core i5 12th Gen 1235U - (16 GB/512 GB SSD/Windows 11 Home) 82TTA07RIH ...,"₹38,241",4.1,"Intel Core i5 Processor (12th Gen)
16 GB DDR4 RAM
Windows 11 Operating System
512 GB SSD
39.62 cm (15.6 Inch) Display
1 Year Onsite Warranty"
87,MSI Cyborg 15 Intel Core i5 12th Gen 12450H - (16 GB/512 GB SSD/Windows 11 Home/4 GB Graphics/NVIDIA G...,"₹54,990",4.6,"Intel Core i5 Processor (12th Gen)
16 GB DDR5 RAM
Windows 11 Operating System
512 GB SSD
39.62 cm (15.6 Inch) Display
2 Year Onsite Warranty"
88,DELL Inspiron MSO 2024 Intel Core i5 13th Gen 1334U - (16 GB/512 GB HDD/512 GB SSD/Windows 11 Home) In...,"₹54,490",4,"Intel Core i5 Processor (13th Gen)
16 GB DDR4 RAM
64 bit Windows 11 Operating System
512 GB HDD|512 GB SSD
39.62 cm (15.6 Inch) Display
Win 11 + Office H&S 2024
1 Year Onsite Hardware Service"
89,HP Pavilion 14 Touchscreen Intel Core i5 12th Gen 1235U - (16 GB/512 GB SSD/Windows 11 Home) Pavilion ...,"₹59,990",4.1,"Intel Core i5 Processor (12th Gen)
16 GB DDR4 RAM
64 bit Windows 11 Operating System
512 GB SSD
35.56 cm (14 inch) Touchscreen Display
Office Home and Student 2021
1 Year Warranty"
90,HP 255 G9 AMD Ryzen 3 Dual Core R3 3250 - (8 GB/512 GB SSD/Windows 11 Home) 255 G8 Thin and Light Lapt...,"₹23,999",NA,"AMD Ryzen 3 Dual Core Processor
8 GB DDR4 RAM
Windows 11 Operating System
512 GB SSD
39.62 cm (15.6 Inch) Display
1 Year Onsite warranty by OEM"
91,HP Pavilion x360 Intel Core i7 13th Gen - (16 GB/512 GB SSD/Windows 11 Home) 14-EK1021TU 2 in 1 Laptop,"₹88,530",NA,"Intel Core i7 Processor (13th Gen)
16 GB DDR4 RAM
Windows 11 Operating System
512 GB SSD
35.56 cm (14 inch) Touchscreen Display
1-year warranty"
92,CHUWI Intel Celeron Quad Core 12th Gen N100 - (8 GB/256 GB SSD/Windows 11 Home) GemiBook X_Pro Laptop,"₹17,990",NA,"Intel Celeron Quad Core Processor (12th Gen)
8 GB LPDDR5 RAM
64 bit Windows 11 Home Operating System
256 GB SSD
35.81 cm (14.1 inch) Display
WPS Office, Operating System Software
1 Year Onsite Warranty"
93,Lenovo Yoga 7 WUXGA-OLED Intel Core i7 13th Gen 1360P - (16 GB/1 TB SSD/Windows 11 Home) 14IRL8 2 in 1...,"₹1,10,190",NA,"Intel Core i7 Processor (13th Gen)
16 GB LPDDR5 RAM
Windows 11 Operating System
1 TB SSD
35.56 cm (14 inch) Touchscreen Display
1Yr Warranty + 1 Yr Premium Care and 1 Yr Accidental Damage Protection"
94,Infinix ZEROBOOK 13 Intel Intel Core i9 13th Gen 13900H - (32 GB/1 TB SSD/Windows 11 Home) ZL513 Thin ...,"₹71,990",NA,"Intel Core i9 Processor (13th Gen)
32 GB LPDDR5X RAM
Windows 11 Operating System
1 TB SSD
39.62 cm (15.6 inch) Display
1 Year Onsite Warranty"
95,DELL Intel Celeron Dual Core - (4 GB/256 GB SSD/4 GB EMMC Storage/Windows 11 Pro) 5470 ULTRA SLIM Thin...,"₹18,990",NA,"Intel Celeron Dual Core Processor
4 GB DDR4 RAM
Windows 10 Operating System
256 GB SSD
35.56 cm (14 inch) Display
1 Year"
