Index,Product Name,Product Price,Product Ratings ,Image Link
0,Kappali CHAIN CHESS Board Game Accessories,₹498,4.2,https://rukminim2.flixcart.com/image/612/612/xif0q/board-game/y/w/5/4-chain-chess-kappali-original-imah9gswpx8fuja8.jpeg?q=70
1,FUNVERSE Magnetic Board Game for Kids - 24 Magnets with...,₹189,4.1,https://rukminim2.flixcart.com/image/612/612/xif0q/board-game/n/l/3/3-magnetic-board-game-for-kids-24-magnets-with-3-different-original-imah77mwtj42azhx.jpeg?q=70
2,kuku UNO FAMILY CARD GAME COMPLETE PACK OF 108 CARDS,₹73,4.3,https://rukminim2.flixcart.com/image/612/612/xif0q/card-game/x/s/m/6-uno-family-card-game-complete-pack-of-108-cards-kuku-original-imah6jyjekkxzcfq.jpeg?q=70
3,TOY GARAGE UNO Show 'em No Mercy Card Game,₹269,4.1,https://rukminim2.flixcart.com/image/612/612/xif0q/card-game/b/0/x/6-uno-show-em-no-mercy-card-game-toy-garage-original-imah77zvgjhg3yft.jpeg?q=70
4,"AncientKart Pokemon cards Lost Origin Series V, VMax & ...",₹233,4,https://rukminim2.flixcart.com/image/612/612/xif0q/card-game/t/4/c/6-pokemon-cards-lost-origin-series-v-vmax-vstar-cards-original-imahynaygxzdh9hf.jpeg?q=70
5,BOZICA Wooden Educational Creative learning A To Z Engl...,₹149,4.2,https://rukminim2.flixcart.com/image/612/612/xif0q/puzzle/j/r/z/27-wooden-educational-creative-learning-a-to-z-english-alphabets-original-imagrkf2pvwjwxu2.jpeg?q=70
6,Exciting Lives Intimacy - Romantic Game For Couples,₹369,3.7,https://rukminim2.flixcart.com/image/612/612/krgohow0/card-game/o/o/l/intimacy-romantic-game-for-couples-exciting-lives-original-imag58ufsbqcatxs.jpeg?q=70
7,EL SMO Wooden Jigsaw Puzzles Vegetable Body Parts Learn...,₹319,4.1,https://rukminim2.flixcart.com/image/612/612/xif0q/puzzle/2/2/5/2-wooden-jigsaw-puzzles-vegetable-body-parts-learning-original-imah3kbwxmgmvmht.jpeg?q=70
8,The Ace Card company Pack of 3 Pure Plastic Playing Car...,₹300,4.3,https://rukminim2.flixcart.com/image/612/612/k4zx9jk0/card-game/g/q/q/pack-of-3-pure-plastic-playing-card-decks-washable-the-ace-card-original-imafnrchdrxzdz5b.jpeg?q=70
9,The Ace Card company Bridge Playing Cards with Hard She...,₹207,4.2,https://rukminim2.flixcart.com/image/612/612/k2dm7bk0/card-game/4/v/n/playing-cards-01-the-ace-card-company-original-imafhhwjqzhfbvgf.jpeg?q=70
10,ZUNBELLA Cube Combo Set Of 3X3 & Mirror Puzzle High Spe...,₹189,4,https://rukminim2.flixcart.com/image/612/612/xif0q/puzzle/w/1/p/2-cube-combo-set-of-3x3-mirror-puzzle-high-speed-stickerless-original-imah9kvsxqya7aap.jpeg?q=70
11,Aditi Toys 3x3 Highspeed Stickerless Cube Puzzle For Ki...,₹149,4.1,https://rukminim2.flixcart.com/image/612/612/xif0q/shopsy-puzzle/8/4/j/1-cubestar-3x3-highspeed-stickerless-cube-puzzle-for-kid-above-6-original-imah2usswggzyrg4.jpeg?q=70
12,AncientKart Pokemon Evolutions Big Booster Deck with al...,₹147,4.1,https://rukminim2.flixcart.com/image/612/612/xif0q/card-game/a/9/z/6-pokemon-evolutions-big-booster-deck-with-all-ex-cards-original-imagmjgfpfxfj9m9.jpeg?q=70
13,WOYR 144 PC Dragon Ball Super Playing Card Game|Goku Ca...,₹224,4,https://rukminim2.flixcart.com/image/612/612/xif0q/card-game/g/v/c/5-144-pc-dragon-ball-super-playing-card-game-goku-cards-dbz-original-imah96verchqgjft.jpeg?q=70
14,"AncientKart Crown Zenith Series V, Vmax, Vstar non repe...",₹222,3.6,https://rukminim2.flixcart.com/image/612/612/xif0q/card-game/u/1/g/6-crown-zenith-series-v-vmax-vstar-non-repetitive-card-set-of-56-original-imahynaykgzffg6x.jpeg?q=70
15,AncientKart Pokemon cards Darkness Ablaze Series GX car...,₹203,4.6,https://rukminim2.flixcart.com/image/612/612/xif0q/card-game/m/y/t/6-pokemon-cards-darkness-ablaze-series-gx-cards-set-of-30-original-imahynayzmwktrg8.jpeg?q=70
16,Forensic Files Murder in The Startup City | Mystery Gam...,"₹1,399",4.1,https://rukminim2.flixcart.com/image/612/612/xif0q/board-game/d/t/w/14-murder-in-the-startup-city-mystery-game-crime-solving-case-original-imah9kfgwyzzyubu.jpeg?q=70
17,KOBBET Interlocking Puzzle Mat 36-Pcs Mat Alphabet ABC ...,₹123,4,https://rukminim2.flixcart.com/image/612/612/xif0q/learning-toy/j/n/t/36-pc-alphabet-number-floor-mats-for-kids-puzzle-eva-foam-mat-original-imahfmcqdr2adp8k.jpeg?q=70
18,EL SMO body parts Wooden Clock Puzzle Toys for Kids and...,₹269,4,https://rukminim2.flixcart.com/image/612/612/xif0q/puzzle/e/i/w/2-body-parts-wooden-clock-puzzle-toys-for-kids-and-adults-jigsaw-original-imah2hhdxw6ynbfa.jpeg?q=70
19,"AncientKart Pokemon cards Evolving Skies Series V, VMax...",₹250,4.8,https://rukminim2.flixcart.com/image/612/612/xif0q/card-game/a/l/6/6-pokemon-cards-evolving-skies-series-v-vmax-cards-set-of-50-original-imahynaywhxvz3rw.jpeg?q=70
20,Aganta 4 Players Classic Hungry Frogs Eating Beans Game...,₹599,4.1,https://rukminim2.flixcart.com/image/612/612/xif0q/board-game/c/i/n/4-4-players-classic-hungry-frogs-eating-beans-games-toy-for-kids-original-imahyzc2fvftgskb.jpeg?q=70
21,Forensic Files The Bollywood Premiere Night Board Game ...,"₹1,279",4.1,https://rukminim2.flixcart.com/image/612/612/xif0q/board-game/s/m/2/14-the-bollywood-premiere-night-forensic-files-original-imah8khnm85qtqr9.jpeg?q=70
22,AncientKart Pokemon XY Series Ultra Rare Mega EX cards ...,₹177,4.1,https://rukminim2.flixcart.com/image/612/612/xif0q/card-game/3/q/a/6-pokemon-xy-series-ultra-rare-mega-ex-cards-set-of-12-non-holo-original-imahynayffkmqzjg.jpeg?q=70
23,Trading Mantras Trading Flash Cards in Hindi | 72 Tradi...,₹701,4.2,https://rukminim2.flixcart.com/image/612/612/xif0q/card-game/v/p/3/12-trading-flash-cards-in-hindi-72-trading-chart-patterns-and-original-imahfu97evyxjwmb.jpeg?q=70
24,Kidzoy Wooden Learning Educational Board Set of 3 Alpha...,₹236,4.2,https://rukminim2.flixcart.com/image/612/612/xif0q/learning-toy/c/n/n/wooden-learning-educational-board-set-of-3-alphabets-numbers-original-imah3e7c87uwgngh.jpeg?q=70
25,"AncientKart Pokemon cards Astral Radiance Series V, VMa...",₹250,4.3,https://rukminim2.flixcart.com/image/612/612/xif0q/card-game/l/n/y/6-pokemon-cards-astral-radiance-series-v-vmax-vstar-cards-set-of-original-imahynay7xwt7e6m.jpeg?q=70
26,GENZ Magnetic Dart With Darts Fun Indoor and Outdoor Ga...,₹478,4.4,https://rukminim2.flixcart.com/image/612/612/xif0q/board-game/k/f/m/5-magnodart-proseries-with-safe-precision-darts-premiumquality-original-imahyvhy7mrzpqhr.jpeg?q=70
27,D ETERNAL Cube 3x3 High Speed Stickerless Magic Cubes P...,₹236,4.4,https://rukminim2.flixcart.com/image/612/612/xif0q/puzzle/n/f/2/1-cube-3x3-high-speed-stickerless-magic-cubes-puzzle-game-toy-d-original-imah6zgatt9mjgax.jpeg?q=70
28,R.s.Magic Tricks Marked Card (Blue Back Bicycle Design)...,₹295,4,https://rukminim2.flixcart.com/image/612/612/kf75fgw0/card-game/n/s/s/marked-card-blue-back-bicycle-design-cheating-playing-cards-original-imafvpmeanggu4gd.jpeg?q=70
29,R.s.Magic Tricks Mr.Max SPY Marked Magic Playing Cards ...,₹220,4.2,https://rukminim2.flixcart.com/image/612/612/kehfi4w0/card-game/z/g/h/mr-max-spy-marked-magic-playing-cards-best-for-flash-black-card-original-imafv5heybfrztdk.jpeg?q=70
30,Cubelelo MoYu MFJS Meilong 3C 3x3 Stickerless Speedcube...,₹231,4.3,https://rukminim2.flixcart.com/image/612/612/xif0q/puzzle/a/d/c/1-moyu-mfjs-meilong-3c-3x3-stickerless-speedcube-for-kids-adults-original-imah97tdchycsh9g.jpeg?q=70
31,APEX MEDIA AND MARKETING INDIA Magnetic chess board gam...,₹341,4.4,https://rukminim2.flixcart.com/image/612/612/xif0q/board-game/7/l/b/6-magnetic-chess-board-game-foldable-portable-travel-freindly-original-imah8cg8xky46ezx.jpeg?q=70
32,"CrazyBuy Pokemon 25 Gold,25 Black,25 Silver,25 rosegold...",₹407,4.4,https://rukminim2.flixcart.com/image/612/612/xif0q/card-game/c/l/8/6-pokemon-25-gold-25-black-25-silver-25-rosegold-25-rainbow-vmax-original-imagp4hnebvgj7hr.jpeg?q=70
33,R.s.Magic Tricks 555 Mvision Marked Deck Cheating Premi...,₹283,NA,https://rukminim2.flixcart.com/image/612/612/xif0q/card-game/d/4/u/10-555-mvision-marked-deck-cheating-premium-playing-card-magic-r-original-imaghh2yzzvurr3d.jpeg?q=70
34,"SmartSolve The Naught Game - Game for Adults, 48Pcs Sup...",₹934,NA,https://rukminim2.flixcart.com/image/612/612/xif0q/board-game/s/b/y/14-the-naught-game-game-for-adults-48pcs-super-naughty-block-original-imah7ph2wzthwwv3.jpeg?q=70
35,"CrazyBuy Golden Foil Cards 55 PCS ( , V, GX, EX & Basic...",₹210,NA,https://rukminim2.flixcart.com/image/612/612/xif0q/card-game/n/5/5/6-golden-foil-cards-55-pcs-v-gx-ex-basic-crazybuy-original-imahysg5cze9hza6.jpeg?q=70
36,Imagimake Mapology India with State Capitals- Education...,₹415,NA,https://rukminim2.flixcart.com/image/612/612/xif0q/puzzle/4/1/e/24-jigsaw-puzzles-324-children-kids-girls-boys-toystic-original-imahyyyzvx9jyf24.jpeg?q=70
37,"Puzzle Squad JIGSAWPUZZLE_SERIES_3,4",₹367,NA,https://rukminim2.flixcart.com/image/612/612/xif0q/puzzle/k/m/d/72-jigsawpuzzle-series-3-4-puzzle-squad-original-imah6cewjr6kmjca.jpeg?q=70
38,EL SMO Counting Wooden Clock Puzzle Toy for Kids Jigsaw...,₹290,NA,https://rukminim2.flixcart.com/image/612/612/xif0q/puzzle/z/9/i/2-counting-wooden-clock-puzzle-toy-for-kids-jigsaw-puzzle-for-original-imah4dmvy7pzka8h.jpeg?q=70
39,Space Age 55-Pcs Naruto Cards Booster Box Foil Cards TC...,₹241,NA,https://rukminim2.flixcart.com/image/612/612/xif0q/card-game/l/m/l/3-pack-of-55-cards-naruto-warrior-anime-playing-cards-for-kids-original-imahfxrqxbja5fp5.jpeg?q=70
